RCA_ID,VALUE_STREAM,SYMPTOM,IMMEDIATE_RESOLUTION,ROOT_CAUSE,SOURCE_SYSTEM,SOURCE_OBJECT,PERMANENT_FIX,FIX_CATEGORY,EFFORT,RELATED_INCIDENTS
RCA-01,Item-MDM,EBS item revision stuck at 00 while PD shows A/B,Repush change order or apply revision data fix,Change order (NRCO/CO) not interfaced due to integration failure; Item Workbench used afterwards does not update revision,ITEM_MDM + AGILE_PD,MTL_ITEM_REVISIONS_B / CO interface,"Idempotent CO/NRCO interface with retry, alerting, and a guard that blocks Item Workbench edits on items with a pending CO interface",Integration/Code,High,INC0903826;INC0903771;INC0877704
RCA-02,Item-MDM,CCO created with no revised items fetched / wrong CO,"Identify correct CO, recreate CCO with valid revision",Revision sequencing not validated before CCO creation; latest ECO revision conflicts,AGILE_PD + ITEM_MDM,CCO creation API / CCB report,Pre-validate revision ordering and CO linkage before CCO creation; surface CCB errors at submission,Config/Code,Medium,INC0978839;INC0899839;INC0890340;INC0925593
RCA-03,Item-MDM,CCB report error: old revision higher than new revision,"Reject CO, move to pending, use a greater revision, re-push",No revision-sequence validation at change-order entry in PD,AGILE_PD,Change order entry / revision rule,Enforce a revision-sequence rule at PD change-order entry so a lower new revision is rejected before it reaches EBS,Config/Process,Low,INC0899046;INC0899788
RCA-04,QTD,Order lines cannot progress due to holds,Manually remove/release holds on the lines,Autocreate Config Exception and buy-out holds applied automatically with no auto-release rule once the condition clears,EBS ONT,OE_ORDER_HOLDS_ALL,Automated hold-release workflow that releases config-exception holds when the configuration validates and PR/PO conditions clear,Config/Integration,Medium,INC0934551;INC0928344
RCA-05,PTM,"Receiving stuck, quantity shows 0, rows in RCV_INTERFACE","Data fix to clear RCV_INTERFACE rows (e.g. SBM-090351), reprocess",Receiving Transaction Manager does not reprocess errored rows; no monitoring of RCV_INTERFACE,EBS INV/PO,RCV_INTERFACE / RCV_TRANSACTIONS_INTERFACE,Monitor RCV_INTERFACE for stuck rows and auto-reprocess; catalogue the clear-and-reprocess data fix,Code/Process,Medium,INC0998890;INC0985197
RCA-06,PTM,EBS deliveries not transmitting to BluJay,Reprocess/replay the transmission,EBS-to-BluJay interface has no retry or monitoring; mapping/endpoint failures go silent,EBS + BLUJAY,EBS-BluJay shipping interface,"Add retry, dead-letter and monitoring on the BluJay interface; alert on failed transmissions",Integration,Medium,INC0985051
RCA-07,QTD,CPQ quote cannot submit order to EBS,"Apply configuration fix, resubmit quote",Item orderability / serviceability / pricing setup gaps for new products in the selling org,CPQ + EBS,Order import / item setup,"Pre-submit validation in CPQ for orderability, pricing and serviceability before the order reaches EBS",Config,Low,INC0979873
RCA-08,PTM,APPTREE_EVENT error causes daily order processing outage,Configuration fix to the event/concurrent process,Custom APPTREE_EVENT handler fails under specific data conditions with no guard or alert,EBS (custom),APPTREE_EVENT custom code,Fix the APPTREE_EVENT handler for the failing condition and add monitoring on the daily run,Code,Medium,INC1008688
RCA-09,PTM,Hard pegging issue in planning (Test and Production),Correct pegging setup/data,Hard pegging configuration/data inconsistency in ASCP/MRP,EBS ASCP/MRP,Pegging setup,Correct and standardise pegging setup; add a planning data-quality check,Config,Medium,INC0933232
RCA-10,QTD,Cannot change plant/warehouse on order,Provide config workaround to change the plant,Org/plant change validation blocks the change under certain order states,EBS ONT/INV,Ship-from org change validation,Clarify and fix the plant-change validation so valid changes are not blocked,Config,Low,INC0932356
RCA-11,QTD,Sales order headers need reopening for audit changes,Reopen SO headers as requested,No self-service controlled path to reopen closed SO headers for audit corrections,EBS ONT,OE_ORDER_HEADERS_ALL flow status,"Provide a controlled, audited reopen process to remove repeated manual requests",Process,Low,INC0909168
RCA-12,QTD,DropShip order data corruption after cancellation,Apply data fix to unlink/clean up the PO,"DropShip cancellation flow does not unlink the PO, leaving corrupt referential links",CLOUD2EBS_DROPSHIP + EBS,Drop shipment PO linkage,Fix the DropShip cancellation to unlink the PO automatically and add a referential-integrity check,Code,Medium,INC0899823;INC0899829
RCA-13,PTC,Obligation error blocks revenue recognition / billing,Functional configuration correction,Revenue obligation / contingency setup incomplete for the project billing scenario,EBS Projects/AR,Revenue obligations setup,Complete obligation and contingency setup; add a pre-billing validation,Config,Medium,INC0899936
RCA-14,Services,Order-to-contract generation anomaly,"Raise Oracle SR, track via SCTASK",Order-to-contract cardinality not behaving as expected; suspected product defect,EBS Service Contracts,Contract auto-generation,Confirm intended cardinality with Oracle; apply the patch/config once the SR resolves,Vendor/Config,High,INC0897635;INC0899325
RCA-AR1,PTC,"AR AutoInvoice rejections (no revenue account, tax, period)",Correct the line or AutoAccounting and re-run AutoInvoice (RAXMTR),"AutoAccounting and tax setup have gaps for new batch sources and product lines, so AutoInvoice cannot derive the revenue CCID or tax",EBS AR,RA_INTERFACE_LINES_ALL / RA_INTERFACE_ERRORS_ALL / AutoAccounting,"Complete AutoAccounting and tax setup for all batch sources, and add a pre-AutoInvoice validation report that catches missing accounts before the run",Config,Medium,AR interface incidents
RCA-AP1,PTP,AP invoice import fails PO matching (qty/no match),Reconcile receipt/PO and resubmit Payables Open Interface Import,"Goods receipt not completed or PO line mismatch, so the invoice cannot 3-way match within tolerance",EBS AP/PO,AP_INVOICES_INTERFACE / AP_INTERFACE_REJECTIONS / RCV matching,"Enforce receipt-required and matching tolerances at supplier and PO setup, and alert on stuck interface rejections",Config/Process,Medium,AP interface incidents
RCA-AP2,PTP,AP invoice on price hold (invoice price over PO tolerance),"Review price difference, release hold after approval or correct PO price",Invoice unit price exceeds the PO price within tolerance because PO price agreements are not kept current,EBS AP/PO,AP_HOLDS_ALL / PO price agreement,Keep PO price agreements current and tighten price tolerance governance to stop recurring price holds,Config/Process,Medium,AP price-hold incidents
RCA-AP3,PTP,AP invoice rejected on validation (supplier site / tax / account),"Complete supplier site, tax registration or account setup and revalidate","Supplier site, tax registration or distribution account setup is incomplete at onboarding",EBS AP,AP supplier site / tax setup,Make supplier onboarding enforce tax registration and default accounting so invoices validate first time,Config/Process,Low,AP validation incidents
